{
  "train_loss": [
    8.916613470424306,
    2.223855208266865,
    1.4006868113170972,
    1.4547948322512887,
    1.162031509659507,
    0.8688833740624514,
    0.6717408312992617,
    0.5434109324758704,
    0.5395188927650452,
    0.549537405371666,
    0.5182043043049899,
    0.4460476609793576,
    0.4271006692539562,
    0.3910567408258265,
    0.35053743489763955
  ],
  "train_acc": [
    0.48823529411764705,
    0.5823529411764706,
    0.6823529411764706,
    0.6588235294117647,
    0.6470588235294118,
    0.7352941176470589,
    0.7294117647058823,
    0.7411764705882353,
    0.7588235294117647,
    0.7235294117647059,
    0.7764705882352941,
    0.8352941176470589,
    0.7823529411764706,
    0.8235294117647058,
    0.8294117647058824
  ],
  "val_loss": [
    3.7948587723076344,
    8.996971050519884,
    5.749953453739484,
    1.7997891704241435,
    2.261940836906433,
    2.5297548323869705,
    1.960686941941579,
    1.191335101922353,
    0.8384344279766083,
    1.215936039884885,
    0.9901076753934225,
    0.8666867117087046,
    1.0132896304130554,
    0.9027170836925507,
    1.0107154200474422
  ],
  "val_acc": [
    0.17142857142857143,
    0.17142857142857143,
    0.45714285714285713,
    0.5428571428571428,
    0.6857142857142857,
    0.6571428571428571,
    0.6,
    0.6285714285714286,
    0.6857142857142857,
    0.7428571428571429,
    0.6571428571428571,
    0.6571428571428571,
    0.7142857142857143,
    0.7714285714285715,
    0.7428571428571429
  ]
}