{
  "train_loss": [
    2.4914783280156554,
    1.0257873937487603,
    0.7728523647785187,
    0.6576865452528,
    0.6738330210745335,
    0.6597390085458755,
    0.6193475866317749,
    0.6322499865293503,
    0.6406096369028091,
    0.6285208684206008
  ],
  "train_acc": [
    0.6767295597484276,
    0.720754716981132,
    0.7547169811320755,
    0.7761006289308177,
    0.7547169811320755,
    0.7610062893081762,
    0.7773584905660378,
    0.7937106918238994,
    0.7748427672955975,
    0.7748427672955975
  ],
  "val_loss": [
    2.5078451005997935,
    0.7828375175595284,
    0.7853608375245874,
    0.6982990039343183,
    0.8744274269450795,
    0.833114237270572,
    1.0039511465213515,
    0.728851625865156,
    0.8194477927278389,
    0.9128254624930295
  ],
  "val_acc": [
    0.7928994082840237,
    0.7751479289940828,
    0.7337278106508875,
    0.7692307692307693,
    0.7100591715976331,
    0.7928994082840237,
    0.7928994082840237,
    0.7810650887573964,
    0.8047337278106509,
    0.7692307692307693
  ]
}